sha256,sha1,md5,dex_date,apk_size,pkg_name,vercode,vt_detection,vt_scan_date,dex_size,added,markets
E1961600C4941901272E8EC4B8CD10ABD29678981CB13EE0AA89B289D8587BF1,9B5E47E74B40232028B313E73DAC330371F7C856,7E36A078909B0F6F0F9C43BF77A09419,1981-01-01 01:01:02,11911401,com.holidaygreetingcards100,13,0.0,2023-05-15 12:26:08,7890668,2023-04-15 14:27:38.958562,play.google.com
E1961691D1145F2CCAA21D4882AC019F9C55B01ABACD29227BE741206DFD9559,A64EB3A4D7B03EE00E68B9AAB2865CE6F8D691EE,891FDABB826AD1DF612D465BE7DE3BD0,1980-01-01 00:00:00,31493334,luxury.art.neon.horns.devil.crown.photo.editor,9,0.0,2020-09-19 09:04:41,7119176,2020-08-19 14:51:25.764332,play.google.com
E196170B1D535AF0172D250923DE69C9E75B7D6C3D0BF1488601A90CAF988B5B,78425C82A5AB1C72171B56BEE28E4B5D12C2DD01,F43C860607F6F72B7198569756D1930E,1981-01-01 01:01:02,7967321,com.aktechnology.mindpuzzel,3,0.0,2022-02-26 08:56:27,8449284,2022-01-27 15:25:08.234424,play.google.com
E19617DB8E3515777253A41A59DF91AAB8CACE3DC9A53AA482DD39009038CF39,B58768DAD804283014AEB5EB3C6A92A281A9FD7F,9D72F1E764B0974ED23837D6FA866670,1981-01-01 01:01:02,8959979,com.aakeria.DigiGram,5,0.0,2022-05-27 07:10:59,3420668,2022-04-27 08:38:30.799674,play.google.com
E196195ECDE7F2E8FF7F1D78985067D00163A992729D2F7252E64D0637710434,DFDCB0FFBFE3E17A647276091A6387FA4CB72D45,FA11E9D1B0EC5F1FA5032AFCB32424C5,1980-01-01 00:00:00,79183916,com.sega.d2megaten.en,38983,0.0,2019-02-28 08:06:31,6626208,2019-02-28 19:08:17.277802,play.google.com|appchina
E1961B60ECF719AD1A6B9991A76623714F04D4B5D11B3B7577FC54FD0FFA1078,BF51B11C567A913E696F03C52D5F56C5C4D640BE,15FD56B36B5186C17425D78A4D14412A,1981-01-01 01:01:02,64016708,com.homingos.ar,200051,0.0,2022-02-21 11:52:55,4308372,2021-12-01 23:01:31.778191,play.google.com
E1961BB095CA5DB48DA4AEB3775FCB5007B139DA4D57FF3D55E71C7BB87FE605,042DD514933BC11CA689AC00B24BE97A1F1B9D8F,30A43A6D5560309D5A4C2AEB392DED62,1981-01-01 01:01:02,11400816,com.wallphone.wallpaper,3,0.0,2021-09-11 11:13:41,8729640,2021-08-20 04:24:29.327179,play.google.com
E1961BBDED797452BC017F4638ED78A5E8E122386BBDCDF97254D2FE373451C5,20841B324269CF4EDDA3427265C08BD484FCDD1E,E6525FE4EDE71265A9507841E17E7A04,1981-01-01 01:01:02,6505595,com.ikeyboard.theme.pink.bow.diamond.luxury,73,0.0,2022-05-12 19:43:42,5337736,2022-04-16 04:34:08.38902,play.google.com
E1961C82CF47F17618B00CC582435DDFE320966408D15127B5DA05992F2AAA82,A609223468222CA6779592E04873E240BE833AE1,379894779D5925982CB0DDC2FC782F21,2020-05-18 20:36:34,30893662,au.com.catholiccemeteries.android,354,0.0,2020-06-25 10:33:26,5301904,2020-05-31 06:29:46.310333,play.google.com
E1961D52F34A20DA6B7E537FF6754445DC039D7D161CC8B06B599F8AA67D3066,40B1BB0EF72F6249CA0904289DB5A9F01F42A0F0,C19FEBD8DC0415265A8304D5C155FBDD,1981-01-01 01:01:02,7747489,com.clockstyle.analogclock.clocklivewallpaper,14,0.0,2023-02-05 11:54:19,6360268,2023-01-06 21:26:09.105708,play.google.com
E1961DE59D1BD02FC523416312478E588244EABA09FC868B3112806FCE43AC6B,BA213FBFDA138FD191E9E8350B67F7FFE98D539D,DC8C9D10C0E6930764896613B3CEC25C,2019-07-22 18:25:02,7449908,com.sima.polejump.xsl,2,10.0,2021-06-14 01:31:09,1624312,2022-04-23 21:40:42.015177,VirusShare
E1961DE8EAEC4485E929A9293D3C9B0E3A9E438583419D4336F6D4D5B9958641,87749BB7D0CC1B22E1C5FB19C36234EBA9DA9BA5,313FDC6C51C7A6679B18BC658F81592D,1981-01-01 01:01:02,37709879,it.prepssm.app,613000,0.0,2022-05-03 08:48:26,6786996,2022-04-03 02:27:51.132564,play.google.com
E1961FDE78B3A1C9E022C8B9FBAA4782563EB1FBE360594805057BABB8BC64B2,550A081EABFAF0892C4D63721198BB33132E07BB,90545CA21EC0BEAD3BC3EC34A6C582CF,1980-01-01 00:00:00,23455208,com.app.base,17,0.0,2021-03-30 06:51:51,8363100,2021-02-28 03:07:45.974683,play.google.com
E19621015AD939AA26F308C6FA8046EA2F1FA5DDF0EEBC0CB2053D53DB94B8AF,6EF4A7E26C7A9F79FF19CD5F45B164510E6ED77F,E3AD4DA9BD8E12A77E4CE47FD83E0493,1981-01-01 01:01:02,8504053,com.yourparts.yourpartsapp,12,0.0,2021-08-02 07:25:01,8393236,2021-07-03 09:15:47.547702,play.google.com
E19621070567D6C878F99D6C0A8B1F8F76B3AA9AF6B62237E4F9141ED7967E5F,DCF69754BD74EB662037CC49C3C2652C11DDA5CF,1C8FB76237BED8E6E3F0E75B313BE771,1980-01-01 00:00:00,12994582,com.altaalim.arabici3dadi1,3,0.0,2017-12-27 06:49:22,4095248,2017-12-07 14:58:08.994678,play.google.com
E19621980164E699B247DA2A92FDE4F2C9784D7EC06945D1CC070A73DD68C47A,4DE525A0F90B236F78F982DC1BD7C0297FBA5662,41E6CE065BEF06CB27A50BD3FBF2A32D,2017-09-06 22:05:06,4746898,com.archive.waybackmachine,16,0.0,2018-08-28 10:28:22,3581732,2018-07-17 16:04:02.60911,play.google.com
E19622BFE7433223CEF20E5881E0F2F227D052F42AEF74E307B5AB5C6FA98504,022E97BA4727C73CC60380B4AAF218AA708287C1,3AA8FF31C99AA4A00CF356779F8D4DEB,2015-12-30 05:06:56,13281538,com.cityapp.rlop,3,0.0,2016-03-30 22:46:16,7092000,2016-03-30 20:41:29.350022,play.google.com
E196258CE51D600476D9290248FE81AE170602421F594FD5A823A772349653B2,c929ef1778daa2fd4d78aad4dc52353c1f2f0c5b,b009d9829a4ef1ecd5f9113e4738842b,2013-11-06 12:04:20,415909,com.livewallpapers.fairytail3d,40,0.0,2013-11-15 15:05:17,1575572,2013-11-09 13:36:21.88372,play.google.com
E19625FDF0BCD39D31A3B85E23A832B2D7F7B2921B610FEC1BBC4A398A05AE65,CFFFEB30795F41728DE8DB597C00838638A593F7,3DBED5095B90FA1A3E78C3681A035876,1980-01-01 00:00:00,9137690,com.appzdreamer.tattooyourselfboys,8,0.0,2018-10-29 07:33:47,7090860,2018-09-28 14:10:55.142901,play.google.com
E1962654D31E8FD08D511BB3001C6B91D1B1B8792843EEF80060CDBB80496804,20B2863636016388D74538C24AFDA20FEAB25494,E158274A1FA2F0E2DDC67AF40635729D,1980-01-01 00:00:00,5691188,com.elgibbordev.mp3viavallenlengkap,3,0.0,2018-07-13 20:14:58,5606872,2018-07-11 23:39:36.480951,play.google.com
E19626841AF7FF80457B0801775A1D77E0906F4BAF89CCF5D034F9874B2DC99A,9E06866CD2BAA5931967891E0223055D9D743C9B,812D32502123E4B284AC36115356089D,2019-07-02 21:23:04,40434624,com.music.game.rosalia.piano.ConAltura,1,0.0,2021-12-23 13:57:27,3906256,2019-07-12 06:21:00.370353,play.google.com
E1962854E620AAD5BB536C955042B415244E449D303CBCD32DAAB0EBEE3C88EF,C67E6920A3E1A741056E83373C97C2AA5A099A79,DDDBF14D05DE25B34E87FCB458D94382,2018-05-22 04:27:30,2003163,keyboard.theme.k820005267,10001006,0.0,2018-08-19 06:12:45,708552,2018-07-11 21:25:28.00174,play.google.com
E196287E616978B748148DD711D7C169EB6C0B8BDC48A8EDC33760E3D6A1B07C,E480AFC6BF944711D5A0171CE25C49D3432F26CE,BA5D9F89FA4715BC94916DD7BED1AF4F,1980-01-01 00:00:00,9574267,maa.emoji_background_photo_editor.emoticon,25,0.0,2021-05-10 06:19:25,8227864,2021-04-10 01:56:43.482311,play.google.com
E19629861624ECA44FBCE5956DFB8F09D5980BBF32D599C01E2DB194B49F419C,A53A0A475984963B7FD7039631EC6D8E5DC9C49E,5C390959ACF5C444EFFFB5478C2D58FA,1980-01-01 00:00:00,3649143,com.ikeyboard.theme.pink.glitter.unicorn2,3,0.0,2020-08-31 19:16:20,4916300,2020-08-01 19:35:54.321244,play.google.com
E1962AA3B8981E1ED7FA0A6A5DEA68E67994E5BDFC7D54FF0DAF0E4DA41367B5,9647C7EBEA9A19E4B00FE15E5B2620FED9DE3683,B6BC536DE12E5A51329350996164CD37,2015-10-15 11:46:12,25160845,com.galaticdroids.cpo2April,1,0.0,2015-11-17 18:42:36,4532036,2016-04-17 02:53:18.441118,play.google.com
E1962B3673E33564D0548411CEF0E1DE1119C3B7A35AEA1CC1C89326F85CB784,5E4D2FE142F0C2C47F46398AB1919E71ACC2753C,2701F0E149DE61860C56A8231858C139,2015-05-07 15:25:04,3345833,gruv.game.sansara,200,0.0,2016-02-23 01:24:40,1647568,2016-03-02 02:20:39.116527,play.google.com
E1962C9B3CB1451EDCCA90D443A8BED34A64EB5BD87576C026F98F5E23015BD0,61195F757A5F44FB1EA538EDC72758323CCEDB3F,8B2228D07E3F26A50B183D7B5C9DB4A9,1981-01-01 01:01:02,12303823,com.breakfastrecipes202200962788763135.app,1,0.0,2022-04-20 10:44:04,8080192,2022-03-22 00:47:22.052435,play.google.com
E1962CE6D36EEDBFC80F31D5273F05D9E9AFA7998FAD207A0A9622EE40F07A87,af766ddef7f0f7e2e2563f4c5ed28c91c358e449,e8abe0f094968b8669679d4883edd37f,2013-09-05 12:40:44,765312,com.islamapps.typearabic,7,0.0,2014-02-08 12:58:08,737760,2014-07-01 00:02:37.844597,play.google.com
E1962CFBA29E1DF2E6F9C70A5F35D1EAAF8ADF4D4AB8EBDE175EC7010E35D11D,6A8C3808BB6C9E437503A74F835D0D2CB70D0856,BFCAC57B6A8E4871B156B64BCDF54390,2022-10-12 11:58:04,102614569,com.meituan.taxi.android,20772,0.0,2022-12-06 07:53:04,8083248,2022-11-02 19:36:08.060384,anzhi
E1962D9C68A29EC7B94D03488EC0850B1F574BE178780477D4C174A75CAF27C9,943EDB128FB8EFD2C22FAAEDF034F9A6C03593A9,D509BAE77F3CF0203D1F9C95444E36D3,1981-01-01 01:01:02,24775421,fr.orpheo.walhalla,7,0.0,2021-03-21 08:09:40,8879820,2021-02-19 03:33:21.049153,play.google.com
E1962E02D1E85FADDE751F01DF54784447B324F0E934AFE4695443D99DC411C6,CAA290702347FA89ABEFBCBB9E9EF1F8ED625328,EB7E56CB9A084CF4F28980069BB42531,1980-01-01 00:00:00,10560930,com.pptr.engsubdation,4,0.0,2020-08-10 11:43:20,4716024,2020-07-12 10:50:29.652882,play.google.com
E1962EC2EF2356747065CFFE4BC8E488150FF8138D5C55B683C625B6706D7FA5,C8F057E7A6B5C497B560DAE9B30E7549206E1F91,E533D166BDFBE1DDAF436FDA2CAD6A72,1980-01-01 00:00:00,13627986,com.goodbarber.challengewu,10,0.0,2018-10-03 15:52:20,7978420,2018-08-24 16:23:51.987224,play.google.com
E19630639BA5BDB6A0F30DEB791708AC6F3E00022ACEBDF3A7A3A0C9CAAE55FA,FBB454C52601EE05772D36BE9F270F257F3D298B,DD0CA88855B0809BDF3D2B36B62D1E58,1980-01-01 00:00:00,1975301,nl.sitedish.tantemien,1,0.0,2020-08-02 09:24:19,2946856,2020-06-25 18:36:06.839198,play.google.com
E19630924CC0F1A1B51BE16BF6B3BE477CC5BDF96EE0C818D87FF93BCC26D169,2DC47C704723619D2C4B5A74A8CB589D60CE685E,44C8E642EB373F78A9D874505D2D97A9,1981-01-01 01:01:02,31969205,com.diibear.teacher,21678,0.0,2023-05-06 09:16:59,9169008,2023-04-06 02:21:47.357359,play.google.com
E19630E5CE273211C4D1587624BDD3191A871C688C0C1E46BD88B35C2061FA9D,F6B69A844FD76D9A211B5C1DED6341B62AF0EB63,142C2AF107437BB5FB5CBC8C323C79E2,2015-03-25 10:18:44,6540976,movilparadise.ofiandroid,23,0.0,2015-10-29 08:51:04,6778708,2016-03-02 01:17:05.390712,play.google.com
E19631A2262FAAC5CED6A3DF6A3170D44B93054BF88FA5D110CA665C2F69A50F,55B76F112A50160C12BD39E6DA77FB5A7E1B9B7E,EBE5ECBF4227D3A19EF2EABEF5BE17EF,1981-01-01 01:01:02,24126525,com.askfm,2821,0.0,2022-05-25 07:30:49,9100944,2022-04-25 22:33:45.326134,play.google.com
E19632C01347F1D4B92D58D3A6083269A2F7AB86BBDDA78FC83CBA4B5DA3E1AF,9CB6B7892705A4E09C28170EB89D4FE268D1C88B,7F7A242458B5B9B141B9C771287C86EF,1980-01-01 00:00:00,38604378,com.rheinbahn.redy,1056,0.0,2021-08-30 18:45:51,8119308,2021-08-28 17:29:52.058497,play.google.com
E1963331EFC18D3A8422A1AC1F737E432B20A58670E393F05793A7EFF9E01AE9,e78d110fdf0cbefe7e74d6ae680eb1bc9ec75a5b,7e32267c3f168facf678eb33c911908f,2014-07-18 19:12:58,8585427,com.skiproaming.dialer,4,0.0,2014-07-25 17:30:36,2533276,2014-07-19 06:16:51.26144,play.google.com
E1963345EDC9AA0925679C27D5F5589E56A38637FCEF8E81E78DD5C21E6B256F,C8689CA8351D973D5D207FEE305E235277ECA804,9B14A50AB98D92CA6EAFD9666D18FD59,1981-01-01 01:01:02,16943198,com.favv.neo,405,0.0,2023-05-13 05:34:44,11015848,2023-04-13 13:32:41.34459,play.google.com
E196334EFCBD442D66075B5CC128D321FD86031B9762E6389091C028EA91808E,D133D0F5E331D9788C99BAE5F5B939489147F84F,0A5047BE02374817EAC160B847B7CF58,2016-12-09 23:55:14,4448823,com.mobile.adMingle,2010508,0.0,2018-03-15 03:36:52,3416060,2017-03-08 07:35:29.995072,play.google.com
E19634180F75B126900BD0C2F4BCC84102DABB7B860D0B2C9BB0107D4EE662DE,144D1C93BD0F9C2AF028176F2D0AF9176366A1A2,30B3A6AAE039F1F5ED018C8A4BD91A82,1981-01-01 01:01:02,38134569,com.gp.offroad.hill.trainsimulator,16,0.0,2022-12-11 09:10:44,8966268,2022-11-10 07:39:41.245413,play.google.com
E19635060308083FC2BF0F5F52BC05B34DA28AFC0EFBF757070410ADA7E6EB65,4FA480BE5908886B8D005E5EB44EE6404FA655B6,9B204D060E5779D5F226BF2090123517,2010-08-03 15:11:14,869106,com.starfinanz.smob.android.sfinanzstatus,50,0.0,2013-03-04 22:14:41,449600,2013-06-09 22:10:39.507232,freewarelovers
E196351AEBE79593774C1268782B67F422071036B68CEAA193FC1CB481C00042,673CF23C89D8D90D45956EB1DEB368E2DDC84F82,2FBCBB949B1636834142E1581155F866,1981-01-01 01:01:02,6514843,com.asq.bongoapp,10,0.0,2022-11-07 14:12:09,9255700,2022-10-08 20:55:40.222199,play.google.com
E196352C258E2E214E2ED0B7F74E3DDC45CD2147D1C06FD8C2D2EF835CAAEE40,66E6949CB691FB520910FC3A820A53801171938B,7777FE934E7D578A03F376707679DB91,1981-01-01 01:01:02,41796990,sg.partying.android.lite,89,0.0,2023-01-10 22:59:44,9206592,2022-12-11 13:25:06.406999,play.google.com
E1963539ECA02B63A221C5AE280BEAA8C69A014DDD5C46BDBB7328261DC054FE,5DCE36DA9A5372CE2E8B2D5541A04CCF246E3B18,AB7E429F02C555DB615799E8D515AD71,1980-01-01 00:00:00,51391908,videos.ayouchapp.ayouchsecond,1,0.0,2021-12-03 14:48:29,4130104,2018-01-02 13:21:59.382692,play.google.com
E19635F67618FE6E187B50C3731DCA62E1868A3D8DC932D1B86F8427B55BC64A,2CD2253E114017A5AFB94E19E4878C031EA13CC9,F5E5C474D51DF1AA70C4957EC26A44C1,2016-04-15 11:29:00,13792620,doo.heatsink.app,69,0.0,2016-05-22 12:18:09,3529112,2016-04-16 20:33:04.164385,play.google.com
E196365C0C4C34CD2E850721E755B9BFC8882CE0F86E1E42E6FD3C0194458805,0F0B598CC791E45523D8388A41199E0E427B5AA8,34F10680BA04F4A626BA3CC8A574D14D,1981-01-01 01:01:02,21760195,co.tapcart.app.id_eE93weTd1e,134,0.0,2022-09-27 17:10:26,8954872,2022-07-23 05:54:52.71125,play.google.com
E19636CDBC4708F178CF64608F72DE7A6E7FC4700AF905E10C3396B1DA44B291,2DF499AE476E082D45C2BA6ACC149D127C4EF87F,66673FD8EB639C83C2712D468F378E70,1980-01-01 00:00:00,33722932,com.netappeasy.news.sa.exp,94,0.0,2019-11-25 12:10:29,8295472,2019-12-13 11:33:03.617641,play.google.com
E1963703152DF4F95CF0A91F651EAA16269A50DE96F9D7BF07ECD91252FD7B7F,16976D23D37CF8437360E6E31AC2825B416BC959,A414E449F69867EC7B802B95B7A4A5DE,1981-01-01 01:01:02,19926969,netroken.android.rocket,121,0.0,2023-05-01 23:19:48,7746968,2023-04-01 14:11:29.785194,play.google.com
E1963749599D5882722AB0C37D72378F624F6497421D8D18C22D53A0CAE07C32,EE1EF92DB78E59E5C84EC99BEAEFD5D85D15ECC8,D75DB161AECA8BE4973F916B3B4CACDE,1980-01-01 00:00:00,3187835,cz.kobe.wfx.pontexx,241,0.0,2020-12-13 10:18:43,4353540,2020-11-13 08:40:34.943093,play.google.com
E19637838DCF772454BDF94D2B9C84925CEF96372E12FFCF0B6C1F4E53771BF6,490617321B14C0DF9FBEA7CB9CCF1033A363756C,ABC74800DDB828D42F0244F7FC59D08C,1981-01-01 01:01:02,5874309,com.uzlov.note.app,20,0.0,2021-09-28 09:19:36,9248780,2021-08-29 22:56:05.129107,play.google.com
E1963837297E3460DF7FB8A41DA6B0BE451E88C9457EED7C643962E6A99AEB91,3731C2FA45DA7591874A587A201AAC7F0C7A519E,ADC3E01902B0C586720557278C64E2AB,2018-12-10 11:38:26,78480569,com.ospreyops,5,0.0,2019-09-20 23:19:41,4725488,2018-12-13 23:36:34.205114,play.google.com
E19638CFE2AED1132145F46750B33255B5CDA0FE9F5022BEB6CB2EB24B56801F,F24FF340106E78B461BC44C708D03E28612C0B49,1097181F7C3E51EA2E61315B6EB69DA1,1980-01-01 00:00:00,31307193,mx.avidos.munchclub,45,1.0,2022-08-05 19:30:20,8530808,2022-06-22 12:21:33.136672,play.google.com
E19638DB2A0628C109E2C9596F84AFFF0ECC7CBFC1B4F88DB2DCD631A1FD6464,1EE15BE5AC9E0A80FFCA24F71A24FC0C32F1E368,2036E81A3BFC8212E06CE8B768ABCC06,1980-01-01 00:00:00,8499642,com.Galata20.merci,4,0.0,2020-07-08 23:31:06,5095932,2020-06-01 23:37:05.074102,play.google.com
E1963A52BB6F2E87322A6A082B79B717684C9BB38A5C023AF47FC95A9E089F4B,80D7053F20A4FCB2E478A77CB05BCB8C7229F3A0,7122656A58F7DF193CDD43F175F68850,2014-08-12 00:44:12,6964669,com.netbant.monkeymatchgamesforkids,10,0.0,2018-11-16 15:49:39,2300844,2019-06-25 09:43:48.945198,PlayDrone
E1963C0FF4470DC37CCC5D85233A1C7CA17E4DDBC1C33644A95126F632F7358D,613D4BE1FA78F70AE20942F320B5C1F917D3650C,5F024E9A4565E3C25FF375F43AC1EF2C,1981-01-01 01:01:02,14445316,de.traderepublic.app,5533,0.0,2022-02-27 06:47:59,9777176,2022-02-15 16:45:14.117469,play.google.com
E1963C69DBBC94D6EB70A4D36CB826122F75479095FE3513D0869A4AD3241F14,6F3BFA8DF3D0B2EE5B280F1F14DD7D830F4D92DD,7AB55B578407FE8D28B5D0E629677FBB,1981-01-01 01:01:02,32527579,co.kevin.ahfse,22,0.0,2022-10-01 18:11:36,8724500,2022-07-28 07:44:45.85553,play.google.com
E1963CE94FFF157772AE3697C51C675C6A3F7DFF70812229F9A5C380898C5EB6,C277C029A9E184314A3F5E7D81B66E2A6985807D,24B5B3D0A353E96D1C0894DF5ECE5569,2012-05-22 15:20:30,4372343,miaomiao.readcard.professional03,15,3.0,2016-03-15 14:41:15,282244,2016-03-01 11:42:36.015165,appchina
E1963D9011438A18182083250703AB3F4A191E6ABED7CEA95EC8E0008BEDE36F,1DE80829C5FA11FB644E8E433F2B432E6E1C674B,1E00FD52BB87B077E14B8CC3A93E3E1C,2018-08-12 18:06:24,28481818,com.zenoclaw.xilinua,1,0.0,2018-09-27 09:25:22,3460740,2018-08-14 02:59:26.761046,play.google.com
E1963EDF764282327DAA8A79834DEFB4B6C496573EEB265B5600353C653DD5B9,4A0AC04C6EBFE7C64A89B2CCE458C85A397DA09C,7F6B4BBBEF287670796F915052A8F019,1980-01-01 00:00:00,2865365,com.github.axet.smsgate,249,3.0,2021-11-24 08:32:46,2648840,2021-10-25 09:24:24.956104,fdroid
E1964026A43312478FE6079185315076390CDE599146C374691D4720B01A5504,B088C8DB1EEABFC42048413F4C6BDE4FB541219F,7069D959EB24C1D77AF231F18A855C29,2013-03-19 20:15:48,13585399,com.adwhirl.basketballteamracedd,1,19.0,2019-01-27 12:38:54,331088,2019-06-14 11:46:59.041487,VirusShare
E19644FCE018BC54D8C3536972EA3DD536A9F01B59E1643CB99633B468990681,EE5E8630E6468FD3CC5B64070ED0DCAC961FD6D9,E7777ED255452B4F56388C90E5BDF93F,1981-01-01 01:01:02,6612797,com.clloret.speakingpractice,10,0.0,2020-11-20 08:52:47,8861944,2020-10-21 02:36:50.619767,play.google.com
E19645C622BCE10B1E32EE04D1785D827A4D0C572B745A769394247ABAE4A1FB,2322355f55f8d2dde14e319daf0737a65498c22e,60332b640c325f8d687edba0df6422df,2012-12-13 10:13:18,2534800,com.conduit.app_c38fd840c8a54da4ae5b491c3553f00d.app,6,0.0,2013-12-20 05:38:16,893712,2014-06-30 23:47:30.313359,play.google.com|PlayDrone
E19645EF9D5342FE6B0508609BF493AE510655F3BC7AC87D7EFBC3B0BE28B8BD,C09278AE269DC7D7B19754E455275256C03B2E8A,D818F3D44DD69896F9C65E80DAF7D5A9,2016-02-10 16:26:14,1405394,com.minusik.apps.jackofalldominion,10,0.0,2016-04-30 09:21:58,2243428,2016-03-02 02:31:16.417341,play.google.com
E196467F94EB7E9BA0EE391050EFB275F703D01E815DE1ED4F1C58E6E4F84C5C,6F8594676B681F9F1A58AD774FEC31C53C1C4625,BA6C5AB1ED81EDB7AC0CBB1D2C665BDC,2018-09-10 23:12:36,4243324,com.appsamimanera.rockmusic,1,1.0,2018-10-19 15:58:23,7796364,2018-12-19 02:38:53.737737,play.google.com
E1964739F2BD6396408EB92E1E6204889BD8D62A9F72B1DC7693F4425850B4E2,69D092C00FF4EDDD4EDE827C3D5DCB493C78F2B6,C173B718042C8EF5394848EEBAC9BD09,2018-12-27 17:18:10,7558486,com.PonponGorrionapps.MusicadeOperaGratis,1,1.0,2019-03-05 08:38:54,6162072,2018-12-31 02:40:13.242969,play.google.com
E19647843E243FA697453E33A71BB6A4754040B1A83C6D5F0818C341E5553026,536BF23BCEB259482D8E093DD7B31F8FFADF52FE,0C61B8CFEC54D18E6AB63ADDD303E2B3,1980-01-01 00:00:00,9619941,com.yapyap.ares,335,0.0,2020-09-24 08:59:22,2935400,2020-08-24 21:41:39.546039,play.google.com
E19647936756613D18704DA2255C91C41E10FD89790DC3454C40DCCED5685585,F9F86DD6F321A9E7283583B9ECA285B033B147F1,627ED2ACF8FB87888327B1880D18B110,1980-01-01 00:00:00,6976577,com.biloo.vidi,9,1.0,2019-06-09 02:18:09,9177556,2019-04-26 12:36:30.189142,play.google.com
E196481B08139583D66055026455C3B2861C62B34EBF33686A13A653B9328A86,71DDFEFBB80E944C05CFD6B7609676D9EEA0D315,F9F1BF74CF857F0582F9F5E518527954,1981-01-01 01:01:02,24869962,ru.sunlight.sunlight,19831201,0.0,2023-03-22 08:00:07,9575176,2023-02-20 10:25:29.200463,play.google.com
E1964A284C8C150D00A342910F0D8F549FA3A2B942F1EFAC75A7651E939C7745,605A35023DE060D2FB2DCC57D6B19044CA5F0C0B,5154249DC17AC7E4BF6BDE8EABDF50D7,1980-01-01 00:00:00,7178507,net.a1support.golem,9,0.0,2019-10-10 01:59:53,6432968,2019-09-08 08:23:58.284288,play.google.com
E1964B03C67D48B64B135CD24FE80E2281F4CE3E11BF32446110774572E27EA3,2CCAFABA91486CD63EEE0ACC14E3F1DD19981183,110FF3D467E9876BC6A8B1D0CE3F9758,1980-01-01 00:00:00,13425810,com.tbig.playerprotrial,169,0.0,2018-09-08 07:03:36,7078840,2018-07-29 18:30:35.564915,appchina|play.google.com
E1964B0A1C27365775B2BB9866DCD7640F7B13591D2217D3436404DE6F6A7099,8d64b996ee60c340d8cae1e6ec63563570627a8d,6b51d78207470c9d9ada95627994f71e,2014-07-24 16:36:54,23143321,com.kenkodama.kitchentimerwithvideo,101,0.0,2014-08-04 13:39:22,2785288,2014-07-29 18:29:46.084858,play.google.com
E1964C2F1F011F5228B12CC04A884D50E6C95365A9D1E37B7A18610031DE0067,8C26F16B29EFAE70D1EF4C20361DB64D1A50DBB2,12640AECE75FE4825FDD1141B74ADC54,1980-01-01 00:00:00,23150465,com.MooseGaming.SpaceAdventures,2,0.0,2021-01-21 09:54:46,113912,2020-12-22 07:37:46.076586,play.google.com
E1964C64C482EE7DE3EAD8FD9BC09BE72D7691A309220AD8B906B7B1A542B9DE,4C63CFAFA205EE80130DE48C8C6435840F323C03,FC19F0528D032DA81536E4BDF97CF0AF,1981-01-01 01:01:02,21948035,com.iwaiterapp.kismatfastfoodtakeaway,578,0.0,2021-04-08 06:53:43,9092900,2021-03-09 07:57:26.444474,play.google.com
E1964C7260ABE7F177EB78CA0E58B33FAEAFFCEA6A1D5D3E40657F9428D15CA1,3A3B7BC0B0A77422FA006FDE9B17813364ED5D3F,B450B4FD6B1DD2B1D64D4AA81ECA05E6,1980-01-01 00:00:00,4602165,com.priantos.resistorquiz,8,0.0,2021-04-03 07:38:09,8824168,2021-03-04 00:01:07.485328,play.google.com
E1964CF0A58C56E678B9B2429A70A74A94B97ACCB5B30250A4829365D5D27D3D,ADA6CE27674BB8163E7BB9B708EF69E0F990AA8E,899AE3FFA92161D87A809E1FACA2D6A0,1980-01-01 00:00:00,4677287,no.pocketid.app130627,10145,0.0,2019-03-17 10:16:09,2040592,2019-02-09 05:08:50.406109,play.google.com
E1964D441C427BC16FBE127A61F1D71237A2D9732FA137CBC7EB3FA87CF3447F,2318A99471DF8C003250463AD7DDB4899ED103D3,9456F12460F09DADE17F12C71DB5E9DF,1981-01-01 01:01:02,13394766,org.x90live.realmadrid,527,0.0,2022-02-23 07:46:40,8605036,2022-01-24 15:57:49.794942,play.google.com
E1964E27CFDF12003588C038DF51C168AC65B731432A178F01157C3E20607948,F79DCC51961BFD197C14572AF62EB2C7028DEE16,ABBC6224AAB85FF2370FD4A63EC45795,2012-11-01 14:22:36,683746,com.baoruan.theme.kkdbnfdecEDZnNPtBLr,1,0.0,2015-01-04 04:06:07,21444,2016-03-01 15:09:48.12473,appchina
E1964F4981F622393F6461DAEEA0421C5434D84B20E48BC939B43BE15EE809DA,4FC4D214468AFDFFA00037BF3A2750F642CCBE10,79AA7A87D1D79FB7BEA590BF23C94A72,1981-01-01 01:01:02,78643545,com.actiontourguide.bar_harbor,45,0.0,2022-05-27 08:43:09,9276496,2022-04-27 04:05:25.483085,play.google.com
E1964F5FDC949D3AA1BF50077324AB719F975E13CCE4D47428A6E7CC1FE731F5,E72B72B5BDC27163D1C88D9BAB84C9347D90E1E8,60233E5ADE3CCF5ABF25227764933899,1980-01-01 00:00:00,24640264,com.airealmobile.cincinnaticoc_1101,1517426308,0.0,2018-09-06 06:15:28,8112516,2018-07-22 17:20:37.561751,play.google.com
E1964FE631DB3DAD1E70F22D3EBB8F992B5149A87D81E49B160E2377AA1B0F2D,E16DDCF95C88A720F1D0087EA80E62A6A3BE236F,D8319F404F429D5E5C27EE530CBED4C5,2016-07-01 08:13:38,5062613,my.Low.UniversityLow,38,0.0,2016-07-19 01:16:37,3542808,2016-07-18 22:24:29.848441,play.google.com
E196503BBF280ED8BB4DD264AF8EE73EF534A286F0A3C40B7D76A46388331A3A,6faed0bb68dffb3d06106c635a5c3e876a8a62f9,9b8783b503fea5cb6ba336078b3befe1,2014-08-05 21:38:06,6513916,com.childrenabc,1003,10.0,2014-08-11 08:19:16,105144,2014-08-06 07:25:31.005229,appchina
E19650708C63CE970960B68430D04A1791F688BFC69FB8D40FC128BC2470B94D,94152EEB04CA31D8C43F9380C4B6EE2FD52C1748,E91F619556089746D75056D2540C5778,1980-01-01 00:00:00,56776375,com.subsplashconsulting.s_8M4XVW,1985,0.0,2022-02-13 09:51:23,8160704,2021-08-02 10:14:19.526266,play.google.com
E19651C2E8BABB0A1451C7E716CC64F8C8CCA869B087AF410B87DA12A7122CAB,42BC4C699E4420D83576B693A91B5CCCFEEF49F7,94FA4703E7E8129751DEC242A0357A81,1981-01-01 01:01:02,20498587,com.tgmedia.word.puzzle.game.fgr,33,0.0,2022-10-23 10:39:03,8769348,2022-09-07 19:17:50.886034,play.google.com
E19651DD29B78AE940586D8625283603FB950F3F45CD29ADB731ED020E465D80,89333481F8BCE6E053B19EA731D895065244553D,C8A3853F822B049505ABFF74FC244625,1980-01-01 00:00:00,7264437,com.andromo.dev230101.app216860,1001,0.0,2021-03-12 08:20:35,5927336,2021-02-10 09:11:04.128557,play.google.com
E196537080F4E0C0CF045436AD93AA8895C456CF5E608496A08F866480B697E4,5c82413bf0547fe0a3256bc3260cd793f67e5ea8,8b53de5b37c0bd63a217169e8c4c8360,2014-07-07 23:44:30,32164707,com.nextapp.trollcollage,9,0.0,2014-07-14 05:07:20,2022192,2014-07-08 08:08:39.772035,play.google.com
E196540CE06083F96A4E565C558EB21CDCDCAB1E97654FEA58A4EAFFCD7C3B6F,91ACBF1CC52DDE5DE8B2D9A96F9F35342C0E1EDD,109C17B943D2A1BF6BB9DAF2A3966F35,1980-01-01 00:00:00,4291848,com.rockers.employee,17,0.0,2019-02-23 13:27:14,5386504,2018-12-04 23:11:21.587927,play.google.com
E19654447BC656EEFFEDDB849DA403FCCF53CF65BA9C5D65C70A4DD751DDD6CF,68589BAEC0FA7ABFCEC54FB8FA2B24B53B880078,DF3E008AC8A543258B24537311809B7A,2014-09-16 17:26:58,4836249,com.yy.android.sportbrush,16,2.0,2018-11-04 18:27:16,3276976,2018-10-02 06:52:30.360987,appchina
E19654C50B8FFC2D8410C779BCBBA3E492A7505332A272D044E7FAF194393254,F9423787AEC305112822BEE896CF78E46CB0397C,084A991CD27C9B2F2C89CD42D1A5E048,2016-03-30 23:46:50,2204829,teamvr.implementationseventhpaycommission,1,0.0,2016-05-10 05:16:26,4546892,2016-05-03 07:18:35.263681,play.google.com
E196558ADD7596E715DC2237D2F5A42D7194BA3A4266871CD36358BFC2A6A2F5,AF4AACD3263F341A89FEF7D54BE78AB1E519A2C7,A4BFAD22397D9E5681A95BCB6ED4F65C,2018-09-26 08:09:40,6144900,io.makeroid.netmetapp.LinkPanCardWithAadhar,1,1.0,2018-11-22 05:25:58,8173944,2018-10-20 18:50:00.956374,play.google.com
E196566157CDCA776CEE4398A9A0FCD98DBA86EC8809ED37922D88B509E667CD,77F6BCD14DCEA1A93B3DA7AF1BFD8BDF3415D5A0,91B8017093DBBA4ECD1341044A2542AC,1981-01-01 01:01:02,4295748,com.radioproarte.radio6297,5,0.0,2022-03-19 09:12:00,6392984,2022-02-17 13:31:25.170933,play.google.com
E19658A0F0621703A572D259107DB4C58FAEC27423539E1C09EB80F1FF45535D,3CDD2DB97DF0DB8348E6E1444892DEB154490345,A58EACD4755E58C636E4CC0265E50497,1980-01-01 00:00:00,26561448,com.chirayusoft.vummidibangarujewellers,12900,0.0,2021-06-28 09:25:33,2330104,2021-05-29 18:26:32.225518,play.google.com
E19659F097017FB4051DD9C15E9525B4A077EE06D70E21B9A720C324167E718E,8FE4499C358363859ABA57E134BDDA2B4C13AF1F,879B5960F5A034BCC82B2C3BA12C1A80,1981-01-01 01:01:02,6173390,com.severstore.TomCruise,1013,0.0,2022-03-06 08:34:58,7864728,2022-02-04 05:51:08.664512,play.google.com
E1965A2ABBAF9EE4C0F0B48FCE914063E361F792BBE6AAEB399C47F928DABCD4,B47A8FC54701694467335B6A98EC086A94B4B41F,6EE7DAEB3460346FE1C0303523F53CA5,1980-01-01 00:00:00,32509234,com.tsm.us1031,41,0.0,2023-03-22 07:28:21,9014808,2023-02-20 04:01:05.891718,play.google.com
E1965A579826D15A388C1B0A398CAF443B6B2A7C4D29DBA866127A5CDA74DA98,8467807c3357e381abd633d03b5e5f2f5ddedaca,dcb6f00a197f0317ef0c8ce1cba471e1,2013-12-18 12:39:30,5848871,com.eoi.recetas,14,0.0,2014-01-03 11:23:07,1599916,2013-12-30 10:51:27.983919,PlayDrone|play.google.com
E1965AAC6C9BD34C712C589C32790F517192CC280A7AF2D0B3A0F27C9AE2DFB1,A6D361254217CD3A02662C7E7224D5847633A114,0D8394E30C1B142047E367CD8CF13D34,2015-10-11 13:59:48,3774215,com.aliapps.aachabi,1,0.0,2016-02-09 08:11:51,4606544,2016-03-01 04:58:43.047585,play.google.com
E1965AB93E2614D5C6CF6C9536D40DA4DCD86BFCB954271BD3DCF41E615402AD,F678281F4625E678D6AE04B2BDE3E2DA193E65E8,3D3F17CF11E1474734D6257D7DE3BF99,2019-02-14 22:21:06,12024753,com.ashionapp.calendar,24,9.0,2019-12-06 11:15:06,6725776,2019-10-29 05:23:19.618671,appchina|anzhi|VirusShare
E1965AFD1AA4467911BFC56411BAA6F07DFC8B2235170783F83CE3A4DC9C41B1,FE300BF046EC330A8A339C8759A7782F23011967,37E24B4EAC25788C40EF079F3FE7A23A,1981-01-01 01:01:02,10111119,com.whatme.archer,1,0.0,2022-12-26 00:01:13,6600260,2022-11-25 03:53:11.250502,play.google.com
E1965B2B1E95E32AA189D294C43A976BFA69979273E2D3E55334F911B60525B5,BC44D67E1EF86E3CED1AAEAF2123C2CE0E59333E,0E8685696E97E501E5B22CE71B793757,1980-01-01 00:00:00,21694237,com.pixellab.hilton,22,0.0,2021-07-14 08:51:24,6359764,2021-06-14 17:47:44.958946,play.google.com
E1965BA184BE62B4E548FE2D3AC8BD721BCA50CBB63D1CB162A8F738D6CB7D7F,7d340cbd61abc43870bd6b99e140c4332de50582,bf636b49264f84dc6abd3d5b094757ad,2013-01-28 13:28:32,3706754,mobi.nlnpnqn.nnnoknmnknr,219,16.0,2014-01-29 10:06:03,93836,2014-06-17 20:25:23.046141,anzhi
